chart,kernel,shape,E,M,N,backend,math,us,bytes,gbps,peak_gbps,estimated,te_excluded_amax_us
linear_amax,Linear RHT amax,hidden-state input,0,32768,7168,te,standard,78.4467,469762048,5988.296,7928.1,0,
linear_amax,Linear RHT amax,hidden-state input,0,32768,7168,cutedsl,standard,74.3554,469762048,6317.797,7928.1,0,
linear_amax,Linear RHT amax,hidden-state input,0,32768,7168,triton,standard,114.0639,469762048,4118.411,7928.1,0,
linear_amax,Linear RHT amax,hidden-state input,0,32768,7168,te,fast,78.7213,469762048,5967.409,7928.1,0,
linear_amax,Linear RHT amax,hidden-state input,0,32768,7168,cutedsl,fast,74.1923,469762048,6331.684,7928.1,0,
linear_amax,Linear RHT amax,hidden-state input,0,32768,7168,triton,fast,114.1516,469762048,4115.247,7928.1,0,
linear_amax,Linear RHT amax,dense-MLP down input,0,32768,18432,te,standard,173.5096,1207959552,6961.918,7928.1,0,
linear_amax,Linear RHT amax,dense-MLP down input,0,32768,18432,cutedsl,standard,187.1772,1207959552,6453.562,7928.1,0,
linear_amax,Linear RHT amax,dense-MLP down input,0,32768,18432,triton,standard,270.7439,1207959552,4461.632,7928.1,0,
linear_amax,Linear RHT amax,dense-MLP down input,0,32768,18432,te,fast,173.1015,1207959552,6978.331,7928.1,0,
linear_amax,Linear RHT amax,dense-MLP down input,0,32768,18432,cutedsl,fast,187.1501,1207959552,6454.496,7928.1,0,
linear_amax,Linear RHT amax,dense-MLP down input,0,32768,18432,triton,fast,270.7734,1207959552,4461.146,7928.1,0,
linear_quantize_1d,Linear RHT row+col quantize,hidden-state input,0,32768,7168,te,standard,111.1135,734003200,6605.888,7928.1,0,
linear_quantize_1d,Linear RHT row+col quantize,hidden-state input,0,32768,7168,cutedsl,standard,257.4328,734003200,2851.242,7928.1,0,
linear_quantize_1d,Linear RHT row+col quantize,hidden-state input,0,32768,7168,triton,standard,416.0337,734003200,1764.288,7928.1,0,
linear_quantize_1d,Linear RHT row+col quantize,hidden-state input,0,32768,7168,te,fast,110.3216,734003200,6653.307,7928.1,0,
linear_quantize_1d,Linear RHT row+col quantize,hidden-state input,0,32768,7168,cutedsl,fast,119.7813,734003200,6127.863,7928.1,0,
linear_quantize_1d,Linear RHT row+col quantize,hidden-state input,0,32768,7168,triton,fast,338.5218,734003200,2168.260,7928.1,0,
linear_quantize_1d,Linear RHT row+col quantize,dense-MLP down input,0,32768,18432,te,standard,288.4681,1887436800,6542.965,7928.1,0,
linear_quantize_1d,Linear RHT row+col quantize,dense-MLP down input,0,32768,18432,cutedsl,standard,651.9476,1887436800,2895.074,7928.1,0,
linear_quantize_1d,Linear RHT row+col quantize,dense-MLP down input,0,32768,18432,triton,standard,1045.6940,1887436800,1804.961,7928.1,0,
linear_quantize_1d,Linear RHT row+col quantize,dense-MLP down input,0,32768,18432,te,fast,291.2401,1887436800,6480.690,7928.1,0,
linear_quantize_1d,Linear RHT row+col quantize,dense-MLP down input,0,32768,18432,cutedsl,fast,307.1931,1887436800,6144.137,7928.1,0,
linear_quantize_1d,Linear RHT row+col quantize,dense-MLP down input,0,32768,18432,triton,fast,848.2912,1887436800,2224.987,7928.1,0,
linear_weight_2d,Linear 2D weight quantize,dense-MLP gate/up weight,0,18432,7168,te,standard,97.8659,412876800,4218.801,7928.1,0,50.5197
linear_weight_2d,Linear 2D weight quantize,dense-MLP gate/up weight,0,18432,7168,cutedsl,standard,118.9151,412876800,3472.031,7928.1,0,
linear_weight_2d,Linear 2D weight quantize,dense-MLP gate/up weight,0,18432,7168,triton,standard,331.9084,412876800,1243.948,7928.1,0,
linear_weight_2d,Linear 2D weight quantize,dense-MLP gate/up weight,0,18432,7168,te,fast,97.5692,412876800,4231.632,7928.1,0,50.5779
linear_weight_2d,Linear 2D weight quantize,dense-MLP gate/up weight,0,18432,7168,cutedsl,fast,118.7068,412876800,3478.121,7928.1,0,
linear_weight_2d,Linear 2D weight quantize,dense-MLP gate/up weight,0,18432,7168,triton,fast,331.6966,412876800,1244.742,7928.1,0,
linear_weight_2d,Linear 2D weight quantize,dense-MLP down weight,0,7168,18432,te,standard,97.7416,412876800,4224.168,7928.1,0,50.9990
linear_weight_2d,Linear 2D weight quantize,dense-MLP down weight,0,7168,18432,cutedsl,standard,118.5527,412876800,3482.644,7928.1,0,
linear_weight_2d,Linear 2D weight quantize,dense-MLP down weight,0,7168,18432,triton,standard,331.8412,412876800,1244.200,7928.1,0,
linear_weight_2d,Linear 2D weight quantize,dense-MLP down weight,0,7168,18432,te,fast,97.5678,412876800,4231.690,7928.1,0,50.4999
linear_weight_2d,Linear 2D weight quantize,dense-MLP down weight,0,7168,18432,cutedsl,fast,119.0421,412876800,3468.327,7928.1,0,
linear_weight_2d,Linear 2D weight quantize,dense-MLP down weight,0,7168,18432,triton,fast,331.6002,412876800,1245.104,7928.1,0,
grouped_amax,Grouped RHT amax,gate/up (w1/w3) input,4,65536,7168,te,standard,498.4613,3758096384,7539.395,7928.1,0,
grouped_amax,Grouped RHT amax,gate/up (w1/w3) input,4,65536,7168,cutedsl,standard,489.3347,3758096384,7680.012,7928.1,0,
grouped_amax,Grouped RHT amax,gate/up (w1/w3) input,4,65536,7168,triton,standard,812.8604,3758096384,4623.299,7928.1,0,
grouped_amax,Grouped RHT amax,gate/up (w1/w3) input,4,65536,7168,te,fast,498.9518,3758096384,7531.983,7928.1,0,
grouped_amax,Grouped RHT amax,gate/up (w1/w3) input,4,65536,7168,cutedsl,fast,490.5971,3758096384,7660.250,7928.1,0,
grouped_amax,Grouped RHT amax,gate/up (w1/w3) input,4,65536,7168,triton,fast,812.8920,3758096384,4623.119,7928.1,0,
grouped_amax,Grouped RHT amax,down (w2) input,4,65536,2048,te,standard,154.7520,1073741824,6938.469,7928.1,0,
grouped_amax,Grouped RHT amax,down (w2) input,4,65536,2048,cutedsl,standard,146.8401,1073741824,7312.320,7928.1,0,
grouped_amax,Grouped RHT amax,down (w2) input,4,65536,2048,triton,standard,243.2526,1073741824,4414.103,7928.1,0,
grouped_amax,Grouped RHT amax,down (w2) input,4,65536,2048,te,fast,155.7201,1073741824,6895.332,7928.1,0,
grouped_amax,Grouped RHT amax,down (w2) input,4,65536,2048,cutedsl,fast,146.5097,1073741824,7328.808,7928.1,0,
grouped_amax,Grouped RHT amax,down (w2) input,4,65536,2048,triton,fast,243.3709,1073741824,4411.957,7928.1,0,
grouped_quantize_1d,Grouped RHT row+col quantize,gate/up (w1/w3) input,4,65536,7168,te,standard,928.7294,5872025600,6322.644,7928.1,0,
grouped_quantize_1d,Grouped RHT row+col quantize,gate/up (w1/w3) input,4,65536,7168,cutedsl,standard,1521.3023,5872025600,3859.868,7928.1,0,
grouped_quantize_1d,Grouped RHT row+col quantize,gate/up (w1/w3) input,4,65536,7168,triton,standard,2816.1358,5872025600,2085.136,7928.1,0,
grouped_quantize_1d,Grouped RHT row+col quantize,gate/up (w1/w3) input,4,65536,7168,te,fast,889.3524,5872025600,6602.586,7928.1,0,
grouped_quantize_1d,Grouped RHT row+col quantize,gate/up (w1/w3) input,4,65536,7168,cutedsl,fast,1040.1544,5872025600,5645.340,7928.1,0,
grouped_quantize_1d,Grouped RHT row+col quantize,gate/up (w1/w3) input,4,65536,7168,triton,fast,2154.7926,5872025600,2725.100,7928.1,0,
grouped_quantize_1d,Grouped RHT row+col quantize,down (w2) input,4,65536,2048,te,standard,273.5823,1677721600,6132.419,7928.1,0,
grouped_quantize_1d,Grouped RHT row+col quantize,down (w2) input,4,65536,2048,cutedsl,standard,444.4543,1677721600,3774.790,7928.1,0,
grouped_quantize_1d,Grouped RHT row+col quantize,down (w2) input,4,65536,2048,triton,standard,802.5554,1677721600,2090.475,7928.1,0,
grouped_quantize_1d,Grouped RHT row+col quantize,down (w2) input,4,65536,2048,te,fast,247.7328,1677721600,6772.304,7928.1,0,
grouped_quantize_1d,Grouped RHT row+col quantize,down (w2) input,4,65536,2048,cutedsl,fast,305.5112,1677721600,5491.522,7928.1,0,
grouped_quantize_1d,Grouped RHT row+col quantize,down (w2) input,4,65536,2048,triton,fast,612.9507,1677721600,2737.123,7928.1,0,
grouped_weight_2d,Grouped 2D weight quantize,gate/up (w1/w3) weight,4,2048,7168,te,standard,54.9428,183500800,3339.852,7928.1,1,6.9741
grouped_weight_2d,Grouped 2D weight quantize,gate/up (w1/w3) weight,4,2048,7168,cutedsl,standard,59.7409,183500800,3071.613,7928.1,0,
grouped_weight_2d,Grouped 2D weight quantize,gate/up (w1/w3) weight,4,2048,7168,triton,standard,110.6384,183500800,1658.564,7928.1,0,
grouped_weight_2d,Grouped 2D weight quantize,gate/up (w1/w3) weight,4,2048,7168,te,fast,55.8978,183500800,3282.789,7928.1,1,6.9798
grouped_weight_2d,Grouped 2D weight quantize,gate/up (w1/w3) weight,4,2048,7168,cutedsl,fast,59.8364,183500800,3066.708,7928.1,0,
grouped_weight_2d,Grouped 2D weight quantize,gate/up (w1/w3) weight,4,2048,7168,triton,fast,110.5719,183500800,1659.561,7928.1,0,
grouped_weight_2d,Grouped 2D weight quantize,down (w2) weight,4,7168,2048,te,standard,55.6186,183500800,3299.268,7928.1,1,6.9606
grouped_weight_2d,Grouped 2D weight quantize,down (w2) weight,4,7168,2048,cutedsl,standard,59.9502,183500800,3060.885,7928.1,0,
grouped_weight_2d,Grouped 2D weight quantize,down (w2) weight,4,7168,2048,triton,standard,109.8664,183500800,1670.217,7928.1,0,
grouped_weight_2d,Grouped 2D weight quantize,down (w2) weight,4,7168,2048,te,fast,55.6909,183500800,3294.988,7928.1,1,6.9594
grouped_weight_2d,Grouped 2D weight quantize,down (w2) weight,4,7168,2048,cutedsl,fast,59.8780,183500800,3064.576,7928.1,0,
grouped_weight_2d,Grouped 2D weight quantize,down (w2) weight,4,7168,2048,triton,fast,109.9536,183500800,1668.893,7928.1,0,
